regulation_id,oj_citation
A9500010,OJ.L_.1995.086.01.0058.01.ENG
D0000023,OJ.L_.2000.157.01.0010.01.ENG
D0003070,OJ.L_.2000.036.01.0004.01.ENG
D0004150,OJ.L_.2000.157.01.0010.01.ENG
D0012380,OJ.L_.2000.141.01.0009.01.ENG
D0100050,OJ.L_.2002.300.01.0018.01.ENG
D0101230,OJ.L_.2001.051.01.0001.01.ENG
D0101400,OJ.L_.2002.022.01.0034.01.ENG
D0101401,OJ.L_.2002.022.01.0034.01.ENG
D0107560,OJ.L_.2001.283.01.0049.01.ENG
D0109320,OJ.L_.2001.345.01.0071.01.ENG
D0109330,OJ.L_.2001.345.01.0075.01.ENG
D0109340,OJ.L_.2001.345.01.0078.01.ENG
D0201020,OJ.L_.2002.038.01.0026.01.ENG
D0204660,OJ.L_.2002.162.01.0022.01.ENG
D0205280,OJ.L_.2002.172.01.0024.01.ENG
D0214690,OJ.L_.2002.222.01.0001.01.ENG
D0300490,OJ.L_.2003.018.01.0021.01.ENG
D0401380,OJ.L_.2004.342.01.0030.01.ENG
D0503940,OJ.L_.2005.131.01.0043.01.ENG
D0505630,OJ.L_.2005.190.01.0003.01.ENG
D0508770,OJ.L_.2005.324.01.0026.01.ENG
D0509550,OJ.L_.2005.346.01.0033.01.ENG
D0600930,OJ.L_.2006.044.01.0021.01.ENG
D0605610,OJ.L_.2006.221.01.0015.01.ENG
D1900010,OJ.L_.2019.035.01.0036.01.ENG
D2011620,OJ.L_.2020.257.01.0036.01.ENG
D2222510,OJ.L_.2022.295.01.0052.01.ENG
D7807980,
D7807990,
D7808000,
D7910280,
D7910290,
D7910300,
D7910310,
D8300420,
D8602840,
D8734990,
D8801630,
D8806530,
D8806540,
D8809790,
D8821310,
D8821320,
D8835990,
D8906110,
D8906450,
D8907080,
D8920310,
D9001470,
D9004140,
D9006720,
D9006820,
D9104830,
D9106690,
D9201500,
D9201510,
D9202850,
D9204700,
D9205840,
D9205850,
D9205860,
D9205870,
D9206070,
D9208910,
D9217750,
D9218560,
D9222970,
D9237730,
D9301130,
D9301290,
D9302350,
D9307270,OJ.L_.1993.338.01.0001.01.ENG
D9307320,
D9307321,OJ.L_.1993.344.01.0040.01.ENG
D9400660,
D9401120,
D9401760,
D9417510,
D9422440,OJ.L_.1994.241.01.0011.01.ENG
D9500010,OJ.L_.1995.326.01.0063.01.ENG
D9500019,OJ.L_.1996.035.01.0001.01.ENG
D9528940,OJ.L_.1995.304.01.0001.01.ENG
D9528960,OJ.L_.1995.304.01.0005.01.ENG
D9530550,OJ.L_.1995.325.01.0017.01.ENG
D9600550,
D9601380,OJ.L_.1996.032.01.0028.01.ENG
D9601421,OJ.L_.1996.035.01.0001.01.ENG
D9601429,OJ.L_.1996.035.01.0001.01.ENG
D9603020,OJ.L_.1996.042.01.0002.01.ENG
D9604330,OJ.L_.1996.180.01.0028.01.ENG
D9706350,OJ.L_.1997.268.01.0028.01.ENG
D9708620,OJ.L_.1997.351.01.0060.01.ENG
D9714010,OJ.L_.1997.193.01.0012.01.ENG
D9721360,OJ.L_.1997.300.01.0015.01.ENG
D9802230,OJ.L_.1998.086.01.0001.01.ENG
D9804020,OJ.L_.1998.178.01.0036.01.ENG
D9805630,OJ.L_.1998.076.01.0007.01.ENG
D9806940,OJ.L_.1998.332.01.0007.01.ENG
D9827690,OJ.L_.1998.346.01.0020.01.ENG
D9904560,OJ.L_.1999.178.01.0058.01.ENG
D9927440,OJ.L_.1999.342.01.0017.01.ENG
I0000620,OJ.C_.2000.062.01.0019.01.ENG
I0000941,OJ.C_.2000.094.01.0002.01.ENG
I0001270,OJ.C_.2000.127.01.0012.01.ENG
I0001271,OJ.C_.2000.127.01.0015.01.ENG
I0001340,OJ.C_.2000.134.01.0010.01.ENG
I0001380,OJ.C_.2000.138.01.0008.01.ENG
I0001480,OJ.C_.2000.148.01.0022.01.ENG
I0002020,OJ.C_.2000.202.01.0004.01.ENG
I0002140,OJ.C_.2000.214.01.0004.01.ENG
I0002270,OJ.C_.2000.227.01.0016.01.ENG
I0002390,OJ.C_.2000.239.01.0010.01.ENG
I0002780,OJ.C_.2000.278.01.0028.01.ENG
I0003010,OJ.C_.2000.301.01.0002.01.ENG
I0003200,OJ.C_.2000.320.01.0003.01.ENG
I0003220,OJ.C_.2000.322.01.0003.01.ENG
I0003661,OJ.C_.2000.366.01.0005.01.ENG
I0100260,OJ.C_.2001.026.01.0002.01.ENG
I0101030,OJ.C_.2001.103.01.0005.01.ENG
I0101470,OJ.C_.2001.147.01.0002.01.ENG
I0101590,OJ.C_.2001.159.01.0004.01.ENG
I0101600,OJ.C_.2001.160.01.0044.01.ENG
I0101630,OJ.C_.2001.163.01.0007.01.ENG
I0101701,OJ.C_.2001.170.01.0002.01.ENG
I0101830,OJ.C_.2001.183.01.0003.01.ENG
I0101900,OJ.C_.2001.190.01.0002.01.ENG
I0101990,OJ.C_.2001.199.01.0020.01.ENG
I0102880,OJ.C_.2001.288.01.0002.01.ENG
I0103160,OJ.C_.2001.316.01.0009.01.ENG
I0103420,OJ.C_.2001.342.01.0005.01.ENG
I0103540,OJ.C_.2001.354.01.0003.01.ENG
I0103642,OJ.C_.2001.364.01.0005.01.ENG
I0200160,OJ.C_.2002.016.01.0004.01.ENG
I0200390,OJ.C_.2002.039.01.0017.01.ENG
I0200530,OJ.C_.2002.053.01.0010.01.ENG
I0201160,OJ.C_.2002.116.01.0002.01.ENG
I0201161,OJ.C_.2002.116.01.0004.01.ENG
I0201403,OJ.C_.2002.140.01.0004.01.ENG
I0201404,OJ.C_.2002.140.01.0005.01.ENG
I0201405,OJ.C_.2002.140.01.0006.01.ENG
I0201406,OJ.C_.2002.140.01.0008.01.ENG
I0201407,OJ.C_.2002.140.01.0009.01.ENG
I0201408,OJ.C_.2002.140.01.0010.01.ENG
I0201409,OJ.C_.2002.140.01.0012.01.ENG
I0201531,OJ.C_.2002.153.01.0003.01.ENG
I0201532,OJ.C_.2002.153.01.0003.01.ENG
I0201720,OJ.C_.2002.172.01.0011.01.ENG
I0201753,OJ.C_.2002.175.01.0003.01.ENG
I0201890,OJ.C_.2002.189.01.0030.01.ENG
I0202431,OJ.C_.2002.243.01.0010.01.ENG
I0202461,OJ.C_.2002.246.01.0009.01.ENG
I0202620,OJ.C_.2002.262.01.0002.01.ENG
I0202640,OJ.C_.2002.264.01.0010.01.ENG
I0202880,OJ.C_.2002.288.01.0002.01.ENG
I0202881,OJ.C_.2002.288.01.0002.01.ENG
I0203140,OJ.C_.2002.314.01.0002.01.ENG
I0203141,OJ.C_.2002.314.01.0003.01.ENG
I0203160,OJ.C_.2002.316.01.0010.01.ENG
I0203161,OJ.C_.2002.316.01.0006.01.ENG
I0203180,OJ.C_.2002.318.01.0002.01.ENG
I0203181,OJ.C_.2002.318.01.0007.01.ENG
I0291400,OJ.C_.2002.140.01.0013.01.ENG
I0291401,OJ.C_.2002.140.01.0014.01.ENG
I0291402,OJ.C_.2002.140.01.0016.01.ENG
I0291403,OJ.C_.2002.140.01.0017.01.ENG
I0300360,OJ.C_.2003.036.01.0018.01.ENG
I0300530,OJ.L_.2003.053.01.0065.01.ENG
I0301201,OJ.C_.2003.120.01.0009.01.ENG
I0301202,OJ.C_.2003.120.01.0013.01.ENG
I0301491,OJ.C_.2003.149.01.0014.01.ENG
I0301610,OJ.C_.2003.161.01.0002.01.ENG
I0301611,OJ.C_.2003.161.01.0003.01.ENG
I0301621,OJ.C_.2003.162.01.0006.01.ENG
I0301950,OJ.C_.2003.195.01.0003.01.ENG
I0301970,OJ.C_.2003.197.01.0002.01.ENG
I0302960,OJ.C_.2003.296.01.0004.01.ENG
I0303090,OJ.C_.2003.309.01.0002.01.ENG
I0303091,OJ.C_.2003.309.01.0006.01.ENG
I0400380,OJ.C_.2004.038.01.0006.01.ENG
I0400970,OJ.C_.2004.097.01.0012.01.ENG
I0401031,OJ.C_.2004.103.01.0085.01.ENG
I0401040,OJ.C_.2004.104.01.0058.01.ENG
I0401440,OJ.C_.2004.144.01.0005.01.ENG
I0401600,OJ.C_.2004.160.01.0005.01.ENG
I0401780,OJ.C_.2004.178.01.0002.01.ENG
I0401800,OJ.C_.2004.180.01.0002.01.ENG
I0402030,OJ.C_.2004.203.01.0005.01.ENG
I0402120,OJ.C_.2004.212.01.0002.01.ENG
I0402530,OJ.C_.2004.253.01.0006.01.ENG
I0402610,OJ.C_.2004.261.01.0008.01.ENG
I0402830,OJ.C_.2004.283.01.0006.01.ENG
I0403060,OJ.C_.2004.306.01.0002.01.ENG
I0500700,OJ.C_.2005.070.01.0002.01.ENG
I0500770,OJ.C_.2005.077.01.0002.01.ENG
I0500771,OJ.C_.2005.077.01.0002.01.ENG
I0500890,OJ.C_.2005.089.01.0003.01.ENG
I0501030,OJ.C_.2005.103.01.0018.01.ENG
I0501291,OJ.C_.2005.129.01.0022.01.ENG
I0501350,OJ.C_.2005.135.01.0004.01.ENG
I0501540,OJ.C_.2005.154.01.0012.01.ENG
I0501591,OJ.C_.2005.159.01.0004.01.ENG
I0501592,OJ.C_.2005.159.01.0007.01.ENG
I0501593,OJ.C_.2005.159.01.0019.01.ENG
I0501660,OJ.C_.2005.166.01.0014.01.ENG
I0501740,OJ.C_.2005.174.01.0015.01.ENG
I0501920,OJ.C_.2005.192.01.0003.01.ENG
I0501921,OJ.C_.2005.192.01.0012.01.ENG
I0501950,OJ.C_.2005.195.01.0006.01.ENG
I0503220,OJ.C_.2005.322.01.0012.01.ENG
I0503230,OJ.C_.2005.323.01.0021.01.ENG
I0600060,OJ.C_.2006.006.01.0002.01.ENG
I0600110,OJ.C_.2006.011.01.0004.01.ENG
I0600140,OJ.C_.2006.014.01.0014.01.ENG
I0600290,OJ.C_.2006.029.01.0002.01.ENG
I0600670,OJ.C_.2006.067.01.0016.01.ENG
I0600781,OJ.C_.2006.078.01.0024.01.ENG
I0601050,OJ.C_.2006.105.01.0012.01.ENG
I0601170,OJ.C_.2006.117.01.0008.01.ENG
I0601860,OJ.C_.2006.186.01.0007.01.ENG
I0602140,OJ.C_.2006.214.01.0014.01.ENG
I0602620,OJ.C_.2006.262.01.0028.01.ENG
I0602750,OJ.C_.2006.275.01.0025.01.ENG
I0602890,OJ.C_.2006.289.01.0015.01.ENG
I0602911,OJ.C_.2006.291.01.0019.01.ENG
I0602912,OJ.C_.2006.291.01.0034.01.ENG
I0603110,OJ.C_.2006.311.01.0047.01.ENG
I0603160,OJ.C_.2006.316.01.0013.01.ENG
I0603200,OJ.C_.2006.320.01.0008.01.ENG
I0700390,OJ.C_.2007.039.01.0026.01.ENG
I0700660,OJ.C_.2007.066.01.0016.01.ENG
I0700810,OJ.C_.2007.081.01.0002.01.ENG
I0700880,OJ.C_.2007.088.01.0026.01.ENG
I0701090,OJ.C_.2007.109.01.0023.01.ENG
I0701310,OJ.C_.2007.131.01.0014.01.ENG
I0701380,OJ.C_.2007.138.01.0037.01.ENG
I0701920,OJ.C_.2007.192.01.0015.01.ENG
I0702020,OJ.C_.2007.202.01.0004.01.ENG
I0702050,OJ.C_.2007.205.01.0014.01.ENG
I0702060,OJ.C_.2007.206.01.0020.01.ENG
I0702100,OJ.C_.2007.210.01.0005.01.ENG
I0702261,OJ.C_.2007.226.01.0007.01.ENG
I0702262,OJ.C_.2007.226.01.0012.01.ENG
I0702270,OJ.C_.2007.227.01.0016.01.ENG
I0702301,OJ.C_.2007.230.01.0005.01.ENG
I0702302,OJ.C_.2007.230.01.0009.01.ENG
I0702670,OJ.C_.2007.267.01.0031.01.ENG
I0703020,OJ.C_.2007.302.01.0024.01.ENG
I0800290,OJ.C_.2008.029.01.0013.01.ENG
I0800431,OJ.C_.2008.043.01.0009.01.ENG
I0800432,OJ.C_.2008.043.01.0014.01.ENG
I0800740,OJ.C_.2008.074.01.0066.01.ENG
I0801130,OJ.C_.2008.113.01.0020.01.ENG
I0801380,OJ.C_.2008.138.01.0042.01.ENG
I0801630,OJ.C_.2008.163.01.0038.01.ENG
I0801740,OJ.C_.2008.174.01.0007.01.ENG
I0801770,OJ.C_.2008.177.01.0013.01.ENG
I0801860,OJ.C_.2008.186.01.0032.01.ENG
I0802370,OJ.C_.2008.237.01.0018.01.ENG
I0802510,OJ.C_.2008.251.01.0021.01.ENG
I0802700,OJ.C_.2008.270.01.0026.01.ENG
I0802750,OJ.C_.2008.275.01.0021.01.ENG
I0802900,OJ.C_.2008.290.01.0013.01.ENG
I0803090,OJ.C_.2008.309.01.0011.01.ENG
I0803101,OJ.C_.2008.310.01.0015.01.ENG
I0803220,OJ.C_.2008.322.01.0013.01.ENG
I0900510,OJ.C_.2009.051.01.0017.01.ENG
I0900560,OJ.C_.2009.056.01.0042.01.ENG
I0900940,OJ.C_.2009.094.01.0015.01.ENG
I0901880,OJ.C_.2009.188.01.0024.01.ENG
I0901940,OJ.C_.2009.194.01.0009.01.ENG
I0902130,OJ.C_.2009.213.01.0016.01.ENG
I0902150,OJ.C_.2009.215.01.0019.01.ENG
I0902240,OJ.C_.2009.224.01.0024.01.ENG
I0902340,OJ.C_.2009.234.01.0009.01.ENG
I0902370,OJ.C_.2009.237.01.0005.01.ENG
I0902400,OJ.C_.2009.240.01.0006.01.ENG
I0902700,OJ.C_.2009.270.01.0024.01.ENG
I0902910,OJ.C_.2009.291.01.0009.01.ENG
I0903070,OJ.C_.2009.307.01.0039.01.ENG
I0903220,OJ.C_.2009.322.01.0023.01.ENG
I1000402,OJ.C_.2010.040.01.0010.01.ENG
I1000410,OJ.C_.2010.041.01.0006.01.ENG
I1000470,OJ.C_.2010.047.01.0024.01.ENG
I1000640,OJ.C_.2010.064.01.0010.01.ENG
I1001070,OJ.C_.2010.107.01.0010.01.ENG
I1001230,OJ.C_.2010.123.01.0011.01.ENG
I1001312,OJ.C_.2010.131.01.0006.01.ENG
I1001313,OJ.C_.2010.131.01.0013.01.ENG
I1001600,OJ.C_.2010.160.01.0020.01.ENG
I1001880,OJ.C_.2010.188.01.0005.01.ENG
I1001920,OJ.C_.2010.192.01.0004.01.ENG
I1001960,OJ.C_.2010.196.01.0015.01.ENG
I1002010,OJ.C_.2010.201.01.0005.01.ENG
I1002030,OJ.C_.2010.203.01.0002.01.ENG
I1002190,OJ.C_.2010.219.01.0012.01.ENG
I1002650,OJ.C_.2010.265.01.0010.01.ENG
I1002700,OJ.C_.2010.270.01.0007.01.ENG
I1002720,OJ.C_.2010.272.01.0005.01.ENG
I1002990,OJ.C_.2010.299.01.0004.01.ENG
I1003090,OJ.C_.2010.309.01.0006.01.ENG
I1003150,OJ.C_.2010.315.01.0007.01.ENG
I1003270,OJ.C_.2010.327.01.0023.01.ENG
I1003430,OJ.C_.2010.343.01.0024.01.ENG
I1100241,OJ.C_.2011.024.01.0008.01.ENG
I1100242,OJ.C_.2011.024.01.0014.01.ENG
I1100490,OJ.C_.2011.049.01.0016.01.ENG
I1101210,OJ.C_.2011.121.01.0071.01.ENG
I1101420,OJ.C_.2011.142.01.0030.01.ENG
I1101870,OJ.C_.2011.187.01.0022.01.ENG
I1101871,OJ.C_.2011.187.01.0016.01.ENG
I1101960,OJ.C_.2011.196.01.0009.01.ENG
I1102170,OJ.C_.2011.217.01.0035.01.ENG
I1102220,OJ.C_.2011.222.01.0012.01.ENG
I1102360,OJ.C_.2011.236.01.0018.01.ENG
I1102700,OJ.C_.2011.270.01.0006.01.ENG
I1102830,OJ.C_.2011.283.01.0011.01.ENG
I1103200,OJ.C_.2011.320.01.0004.01.ENG
I1103450,OJ.C_.2011.345.01.0007.01.ENG
I1103451,OJ.C_.2011.345.01.0007.01.ENG
I1103690,OJ.C_.2011.369.01.0019.01.ENG
I1103711,OJ.C_.2011.371.01.0004.01.ENG
I1103730,OJ.C_.2011.373.01.0016.01.ENG
I1200180,OJ.C_.2012.018.01.0016.01.ENG
I1200410,OJ.C_.2012.041.01.0014.01.ENG
I1200441,OJ.C_.2012.044.01.0022.01.ENG
I1200442,OJ.C_.2012.044.01.0033.01.ENG
I1200552,OJ.C_.2012.055.01.0014.01.ENG
I1200711,OJ.C_.2012.071.01.0010.01.ENG
I1200712,OJ.C_.2012.071.01.0023.01.ENG
I1200960,OJ.C_.2012.096.01.0013.01.ENG
I1201200,OJ.C_.2012.120.01.0009.01.ENG
I1201220,OJ.C_.2012.122.01.0009.01.ENG
I1201751,OJ.C_.2012.175.01.0011.01.ENG
I1202400,OJ.C_.2012.240.01.0006.01.ENG
I1202600,OJ.C_.2012.260.01.0008.01.ENG
I1202690,OJ.C_.2012.269.01.0005.01.ENG
I1203050,OJ.C_.2012.305.01.0015.01.ENG
I1203300,OJ.C_.2012.330.01.0005.01.ENG
I1203422,OJ.C_.2012.342.01.0002.01.ENG
I1203490,OJ.C_.2012.349.01.0010.01.ENG
I1300450,OJ.C_.2013.045.01.0003.01.ENG
I1300582,OJ.C_.2013.058.01.0015.01.ENG
I1300720,OJ.C_.2013.072.01.0008.01.ENG
I1301600,OJ.C_.2013.160.01.0003.01.ENG
I1301830,OJ.C_.2013.183.01.0021.01.ENG
I1301950,OJ.C_.2013.195.01.0004.01.ENG
I1302000,OJ.C_.2013.200.01.0012.01.ENG
I1302990,OJ.C_.2013.299.01.0004.01.ENG
I1303000,OJ.C_.2013.300.01.0005.01.ENG
I1303100,OJ.C_.2013.310.01.0009.01.ENG
I1303491,OJ.C_.2013.349.01.0005.01.ENG
I1303492,OJ.C_.2013.349.01.0014.01.ENG
I1303510,OJ.C_.2013.351.01.0024.01.ENG
I1303620,OJ.C_.2013.362.01.0066.01.ENG
I1303710,OJ.C_.2013.371.01.0019.01.ENG
I1303721,OJ.C_.2013.372.01.0021.01.ENG
I1303722,OJ.C_.2013.372.01.0031.01.ENG
I1400270,OJ.C_.2014.027.01.0015.01.ENG
I1400440,OJ.C_.2014.044.01.0009.01.ENG
I1402170,OJ.C_.2014.217.01.0014.01.ENG
I1402520,OJ.C_.2014.252.01.0007.01.ENG
I1402950,OJ.C_.2014.295.01.0006.01.ENG
I1402970,OJ.C_.2014.297.01.0002.01.ENG
I1402990,OJ.C_.2014.299.01.0007.01.ENG
I1403500,OJ.C_.2014.350.01.0011.01.ENG
I1403540,OJ.C_.2014.354.01.0014.01.ENG
I1404330,OJ.C_.2014.433.01.0008.01.ENG
I1404340,OJ.C_.2014.434.01.0009.01.ENG
I1404440,OJ.C_.2014.444.01.0013.01.ENG
I1404611,OJ.C_.2014.461.01.0025.01.ENG
I1404612,OJ.C_.2014.461.01.0035.01.ENG
I1500170,OJ.C_.2015.017.01.0026.01.ENG
I1500670,OJ.C_.2015.067.01.0015.01.ENG
I1500830,OJ.C_.2015.083.01.0004.01.ENG
I1501740,OJ.C_.2015.174.01.0010.01.ENG
I1501770,OJ.C_.2015.177.01.0006.01.ENG
I1501890,OJ.C_.2015.189.01.0002.01.ENG
I1501940,OJ.C_.2015.194.01.0004.01.ENG
I1502640,OJ.C_.2015.264.01.0032.01.ENG
I1502661,OJ.C_.2015.266.01.0004.01.ENG
I1502662,OJ.C_.2015.266.01.0014.01.ENG
I1503551,OJ.C_.2015.355.01.0008.01.ENG
I1503552,OJ.C_.2015.355.01.0018.01.ENG
I1503570,OJ.C_.2015.357.01.0005.01.ENG
I1503760,OJ.C_.2015.376.01.0013.01.ENG
I1503970,OJ.C_.2015.397.01.0010.01.ENG
I1504050,OJ.C_.2015.405.01.0008.01.ENG
I1504150,OJ.C_.2015.415.01.0025.01.ENG
I1504210,OJ.C_.2015.421.01.0013.01.ENG
I1600340,OJ.C_.2016.034.01.0005.01.ENG
I1600580,OJ.C_.2016.058.01.0009.01.ENG
I1600581,OJ.C_.2016.058.01.0020.01.ENG
I1600582,OJ.C_.2016.058.01.0030.01.ENG
I1600620,OJ.C_.2016.062.01.0007.01.ENG
I1600990,OJ.C_.2016.099.01.0010.01.ENG
I1601080,OJ.C_.2016.108.01.0006.01.ENG
I1601140,OJ.C_.2016.114.01.0003.01.ENG
I1601480,OJ.C_.2016.148.01.0008.01.ENG
I1602460,OJ.C_.2016.246.01.0007.01.ENG
I1602810,OJ.C_.2016.281.01.0018.01.ENG
I1602880,OJ.C_.2016.288.01.0003.01.ENG
I1602910,OJ.C_.2016.291.01.0007.01.ENG
I1602980,OJ.C_.2016.298.01.0004.01.ENG
I1603360,OJ.C_.2016.336.01.0005.01.ENG
I1603730,OJ.C_.2016.373.01.0003.01.ENG
I1604611,OJ.C_.2016.461.01.0012.01.ENG
I1604612,OJ.C_.2016.461.01.0022.01.ENG
I1604760,OJ.C_.2016.476.01.0006.01.ENG
I1700412,OJ.C_.2017.041.01.0005.01.ENG
I1700670,OJ.C_.2017.067.01.0016.01.ENG
I1701170,OJ.C_.2017.117.01.0015.01.ENG
I1701220,OJ.C_.2017.122.01.0008.01.ENG
I1702000,OJ.C_.2017.200.01.0017.01.ENG
I1702510,OJ.C_.2017.251.01.0005.01.ENG
I1702640,OJ.C_.2017.264.01.0014.01.ENG
I1702900,OJ.C_.2017.290.01.0003.01.ENG
I1703770,OJ.C_.2017.377.01.0011.01.ENG
I1704160,OJ.C_.2017.416.01.0015.01.ENG
I1704380,OJ.C_.2017.438.01.0039.01.ENG
I1800310,OJ.C_.2018.031.01.0016.01.ENG
I1800640,OJ.C_.2018.064.01.0007.01.ENG
I1800950,OJ.C_.2018.095.01.0008.01.ENG
I1800960,OJ.C_.2018.096.01.0008.01.ENG
I1801510,OJ.C_.2018.151.01.0057.01.ENG
I1801620,OJ.C_.2018.162.01.0011.01.ENG
I1801670,OJ.C_.2018.167.01.0006.01.ENG
I1801730,OJ.C_.2018.173.01.0009.01.ENG
I1801770,OJ.C_.2018.177.01.0006.01.ENG
I1801860,OJ.C_.2018.186.01.0013.01.ENG
I1801890,OJ.C_.2018.189.01.0018.01.ENG
I1802530,OJ.C_.2018.253.01.0030.01.ENG
I1803470,OJ.C_.2018.347.01.0006.01.ENG
I1804390,OJ.C_.2018.439.01.0016.01.ENG
I1804540,OJ.C_.2018.454.01.0007.01.ENG
I1900600,OJ.C_.2019.060.01.0019.01.ENG
I1901110,OJ.C_.2019.111.01.0052.01.ENG
I1901230,OJ.C_.2019.123.01.0009.01.ENG
I1901510,OJ.C_.2019.151.01.0004.01.ENG
I1902560,OJ.C_.2019.256.01.0004.01.ENG
I1903180,OJ.C_.2019.318.01.0006.01.ENG
I1903420,OJ.C_.2019.342.01.0008.01.ENG
I1904140,OJ.C_.2019.414.01.0014.01.ENG
I1904240,OJ.C_.2019.424.01.0005.01.ENG
I1904251,OJ.C_.2019.425.01.0009.01.ENG
I1904253,OJ.C_.2019.425.01.0039.01.ENG
I2000180,OJ.C_.2020.018.01.0003.01.ENG
I2000200,OJ.C_.2020.020.01.0018.01.ENG
I2000240,OJ.C_.2020.024.01.0017.01.ENG
I2000640,OJ.C_.2020.064.01.0022.01.ENG
I2001850,OJ.C_.2020.185.01.0005.01.ENG
I2002680,OJ.C_.2020.268.01.0005.01.ENG
I2002800,OJ.C_.2020.280.01.0006.01.ENG
I2003030,OJ.C_.2020.303.01.0007.01.ENG
I2003421,OJ.C_.2020.342.01.0002.01.ENG
I2003422,OJ.C_.2020.342.01.0012.01.ENG
I2003423,OJ.C_.2020.342.01.0023.01.ENG
I2003510,OJ.C_.2020.351.01.0008.01.ENG
I2003520,OJ.C_.2020.352.01.0001.01.ENG
I2003610,OJ.C_.2020.361.01.0006.01.ENG
I2003661,OJ.C_.2020.366.01.0013.01.ENG
I2003662,OJ.C_.2020.366.01.0025.01.ENG
I2004360,OJ.C_.2020.436.01.0010.01.ENG
I2004420,OJ.C_.2020.442.01.0006.01.ENG
I2100360,OJ.C_.2021.036.01.0018.01.ENG
I2100570,OJ.C_.2021.057.01.0003.01.ENG
I2100580,OJ.C_.2021.058.01.0060.01.ENG
I2100581,OJ.C_.2021.058.01.0073.01.ENG
I2100900,OJ.C_.2021.090.01.0008.01.ENG
I2101830,OJ.C_.2021.183.01.0008.01.ENG
I2102450,OJ.C_.2021.245.01.0021.01.ENG
I2102510,OJ.C_.2021.251.01.0017.01.ENG
I2102580,OJ.C_.2021.258.01.0008.01.ENG
I2102840,OJ.C_.2021.284.01.0004.01.ENG
I2103030,OJ.C_.2021.303.01.0012.01.ENG
I2103110,OJ.C_.2021.311.01.0006.01.ENG
I2103870,OJ.C_.2021.387.01.0002.01.ENG
I2104660,OJ.C_.2021.466.01.0006.01.ENG
I2104820,OJ.C_.2021.482.01.0005.01.ENG
I2105010,OJ.C_.2021.501.01.0025.01.ENG
I2200250,OJ.C_.2022.025.01.0008.01.ENG
I2200290,OJ.C_.2022.029.01.0034.01.ENG
I2200400,OJ.C_.2022.040.01.0001.01.ENG
I2201130,OJ.C_.2022.113.01.0003.01.ENG
I2201500,OJ.C_.2022.150.01.0003.01.ENG
I2201670,OJ.C_.2022.167.01.0020.01.ENG
I2201800,OJ.C_.2022.180.01.0004.01.ENG
I2201930,OJ.C_.2022.193.01.0005.01.ENG
I2201950,OJ.C_.2022.195.01.0024.01.ENG
I2201951,OJ.C_.2022.195.01.0011.01.ENG
I2202170,OJ.C_.2022.217.01.0017.01.ENG
I2202310,OJ.C_.2022.231.01.0021.01.ENG
I2202482,OJ.C_.2022.248.01.0119.01.ENG
I2202520,OJ.C_.2022.252.01.0006.01.ENG
I2202600,OJ.C_.2022.260.01.0005.01.ENG
I2204310,OJ.C_.2022.431.01.0011.01.ENG
I2204670,OJ.C_.2022.467.01.0036.01.ENG
I2300300,OJ.C_.2023.030.01.0011.01.ENG
I2300480,OJ.C_.2023.048.01.0032.01.ENG
I2300570,OJ.C_.2023.057.01.0011.01.ENG
I2300800,OJ.C_.2023.080.01.0056.01.ENG
I2301150,OJ.C_.2023.115.01.0005.01.ENG
I2301300,OJ.C_.2023.130.01.0008.01.ENG
I2302300,OJ.C_.2023.230.01.0160.01.ENG
I2302820,OJ.C_.2023.282.01.0004.01.ENG
I9400170,OJ.C_.1994.017.01.0003.01.ENG
I9400210,OJ.C_.1994.021.01.0008.01.ENG
I9401170,OJ.C_.1994.117.01.0003.01.ENG
I9401380,OJ.C_.1994.138.01.0008.01.ENG
I9402140,OJ.C_.1994.214.01.0009.01.ENG
I9500451,OJ.C_.1995.045.01.0003.01.ENG
I9500840,OJ.C_.1995.084.01.0004.01.ENG
I9501040,OJ.C_.1995.104.01.0003.01.ENG
I9501430,OJ.C_.1995.143.01.0012.01.ENG
I9501470,OJ.C_.1995.147.01.0004.01.ENG
I9501780,OJ.C_.1995.178.01.0006.01.ENG
I9502660,OJ.C_.1995.266.01.0022.01.ENG
I9601020,OJ.C_.1996.102.01.0016.01.ENG
I9601111,OJ.C_.1996.111.01.0004.01.ENG
I9602534,OJ.C_.1996.253.01.0018.01.ENG
I9603690,OJ.C_.1996.369.01.0003.01.ENG
I9603810,OJ.C_.1996.381.01.0004.01.ENG
I9603860,OJ.C_.1996.386.01.0009.01.ENG
I9700320,OJ.C_.1997.032.01.0003.01.ENG
I9701870,OJ.C_.1997.187.01.0004.01.ENG
I9702050,OJ.C_.1997.205.01.0002.01.ENG
I9702100,OJ.C_.1997.210.01.0012.01.ENG
I9702110,OJ.C_.1997.211.01.0003.01.ENG
I9702320,OJ.C_.1997.232.01.0006.01.ENG
I9702560,OJ.C_.1997.256.01.0003.01.ENG
I9702640,OJ.C_.1997.264.01.0002.01.ENG
I9703230,OJ.C_.1997.323.01.0002.01.ENG
I9703240,OJ.C_.1997.324.01.0002.01.ENG
I9703350,OJ.C_.1997.335.01.0005.01.ENG
I9703360,OJ.C_.1997.336.01.0002.01.ENG
I9703660,OJ.C_.1997.366.01.0003.01.ENG
I9800011,OJ.C_.1998.001.01.0010.01.ENG
I9800650,OJ.C_.1998.065.01.0008.01.ENG
I9801550,OJ.C_.1998.155.01.0011.01.ENG
I9802170,OJ.C_.1998.217.01.0009.01.ENG
I9802642,OJ.C_.1998.264.01.0002.01.ENG
I9802643,OJ.C_.1998.264.01.0005.01.ENG
I9802890,OJ.C_.1998.289.01.0012.01.ENG
I9803530,OJ.C_.1998.353.01.0013.01.ENG
I9803570,OJ.C_.1998.357.01.0012.01.ENG
I9900040,OJ.C_.1999.004.01.0003.01.ENG
I9900100,OJ.C_.1999.010.01.0003.01.ENG
I9900170,OJ.C_.1999.017.01.0004.01.ENG
I9900630,OJ.C_.1999.063.01.0005.01.ENG
I9900680,OJ.C_.1999.068.01.0013.01.ENG
I9901110,OJ.C_.1999.111.01.0003.01.ENG
I9901330,OJ.C_.1999.133.01.0017.01.ENG
I9901440,OJ.C_.1999.144.01.0010.01.ENG
I9901860,OJ.C_.1999.186.01.0006.01.ENG
I9902080,OJ.C_.1999.208.01.0019.01.ENG
I9902180,OJ.C_.1999.218.01.0005.01.ENG
I9902410,OJ.C_.1999.241.01.0005.01.ENG
I9902530,OJ.C_.1999.253.01.0015.01.ENG
I9902560,OJ.C_.1999.256.01.0003.01.ENG
I9902610,OJ.C_.1999.261.01.0004.01.ENG
I9902621,OJ.C_.1999.262.01.0008.01.ENG
I9902850,OJ.C_.1999.285.01.0003.01.ENG
I9902980,OJ.L_.1999.298.01.0039.01.ENG
I9903110,OJ.C_.1999.311.01.0002.01.ENG
I9903111,OJ.L_.1999.311.01.0003.01.ENG
I9903180,OJ.C_.1999.318.01.0006.01.ENG
I9903181,OJ.C_.1999.318.01.0009.01.ENG
I9903182,OJ.C_.1999.318.01.0012.01.ENG
I9903190,OJ.C_.1999.319.01.0002.01.ENG
I9903230,OJ.C_.1999.323.01.0005.01.ENG
I9903690,OJ.C_.1999.369.01.0020.01.ENG
J0602960,OJ.C_.2006.296.01.0030.01.ENG
J0701880,OJ.C_.2007.188.01.0005.01.ENG
J1201020,OJ.C_.2012.102.01.0039.01.ENG
J1203140,OJ.C_.2012.314.01.0012.01.ENG
J1703340,OJ.C_.2017.334.01.0003.01.ENG
